"","terrestrial_date","min_temp","max_temp","pressure","atmo_opacity"
"1892",2012-08-16,-75,-16,739,"Sunny"
"1891",2012-08-17,-76,-11,740,"Sunny"
"1890",2012-08-18,-76,-18,741,"Sunny"
"1889",2012-08-19,-74,-15,732,"Sunny"
"1888",2012-08-20,-74,-16,740,"Sunny"
"1887",2012-08-21,-78,-15,740,"Sunny"
"1886",2012-08-22,-77,0,740,"Sunny"
"1885",2012-08-23,-76,-4,742,"Sunny"
"1881",2012-08-27,-74,-3,741,"Sunny"
"1880",2012-08-28,-74,-6,742,"Sunny"
"1879",2012-08-29,-75,-16,741,"Sunny"
"1878",2012-08-30,-75,-7,742,"Sunny"
"1877",2012-08-31,-75,-11,743,"Sunny"
"1876",2012-09-01,-76,-14,745,"Sunny"
"1875",2012-09-02,-75,-15,743,"Sunny"
"1874",2012-09-03,-75,-15,745,"Sunny"
"1873",2012-09-04,-75,-2,747,"Sunny"
"1872",2012-09-05,-74,-3,747,"Sunny"
"1871",2012-09-06,-74,-23,745,"Sunny"
"1869",2012-09-08,-73,-2,748,"Sunny"
"1868",2012-09-10,-73,1,748,"Sunny"
"1867",2012-09-11,-73,-1,749,"Sunny"
"1866",2012-09-12,-73,-1,750,"Sunny"
"1865",2012-09-13,-73,0,750,"Sunny"
"1864",2012-09-14,-73,-13,750,"Sunny"
"1863",2012-09-15,-75,-8,751,"Sunny"
"1862",2012-09-16,-75,-12,753,"Sunny"
"1861",2012-09-17,-75,-12,753,"Sunny"
"1860",2012-09-18,-75,-7,754,"Sunny"
"1859",2012-09-19,-74,-12,756,"Sunny"
"1858",2012-09-20,-75,-10,757,"Sunny"
"1857",2012-09-21,-74,-9,758,"Sunny"
"1856",2012-09-22,-74,-12,758,"Sunny"
"1855",2012-09-23,-75,-9,758,"Sunny"
"1854",2012-09-24,-75,0,759,"Sunny"
"1853",2012-09-25,-74,-10,761,"Sunny"
"1852",2012-09-26,-72,-10,761,"Sunny"
"1851",2012-09-27,-76,-7,762,"Sunny"
"1850",2012-09-28,-74,-7,762,"Sunny"
"1849",2012-09-29,-71,-5,764,"Sunny"
"1848",2012-09-30,-72,-9,766,"Sunny"
"1847",2012-10-01,-74,-2,766,"Sunny"
"1846",2012-10-02,-73,-4,768,"Sunny"
"1845",2012-10-03,-73,-3,769,"Sunny"
"1844",2012-10-04,-74,-3,769,"Sunny"
"1843",2012-10-05,-76,-1,771,"Sunny"
"1842",2012-10-06,-75,-2,772,"Sunny"
"1841",2012-10-07,-72,-2,772,"Sunny"
"1840",2012-10-08,-72,-1,774,"Sunny"
"1839",2012-10-09,-73,0,775,"Sunny"
"1838",2012-10-10,-74,0,776,"Sunny"
"1837",2012-10-11,-72,-2,777,"Sunny"
"1836",2012-10-12,-73,-2,778,"Sunny"
"1835",2012-10-13,-73,-6,780,"Sunny"
"1834",2012-10-14,-71,-2,781,"Sunny"
"1833",2012-10-15,-73,0,778,"Sunny"
"1832",2012-10-17,-72,-1,783,"Sunny"
"1831",2012-10-18,-71,-2,784,"Sunny"
"1830",2012-10-19,-73,-2,785,"Sunny"
"1829",2012-10-20,-70,0,788,"Sunny"
"1828",2012-10-21,-72,-5,790,"Sunny"
"1827",2012-10-22,-73,-1,791,"Sunny"
"1826",2012-10-23,-73,-1,792,"Sunny"
"1825",2012-10-24,-71,0,792,"Sunny"
"1824",2012-10-25,-71,0,793,"Sunny"
"1823",2012-10-26,-73,-1,795,"Sunny"
"1822",2012-10-27,-70,-3,796,"Sunny"
"1821",2012-10-28,-72,-2,798,"Sunny"
"1820",2012-10-29,-72,0,799,"Sunny"
"1819",2012-10-30,-72,0,801,"Sunny"
"1818",2012-10-31,-70,0,801,"Sunny"
"1817",2012-11-01,-71,-1,805,"Sunny"
"1816",2012-11-02,-71,-4,808,"Sunny"
"1815",2012-11-03,-70,-2,808,"Sunny"
"1814",2012-11-04,-70,-2,811,"Sunny"
"1813",2012-11-05,-73,-1,813,"Sunny"
"1812",2012-11-06,-71,0,813,"Sunny"
"1811",2012-11-07,-74,-1,817,"Sunny"
"1810",2012-11-08,-74,-1,820,"Sunny"
"1809",2012-11-09,-72,-1,819,"Sunny"
"1808",2012-11-10,-70,0,822,"Sunny"
"1807",2012-11-11,-68,0,822,"Sunny"
"1806",2012-11-12,-71,2,826,"Sunny"
"1805",2012-11-13,-68,-3,828,"Sunny"
"1804",2012-11-14,-68,-1,828,"Sunny"
"1803",2012-11-15,-68,-1,829,"Sunny"
"1802",2012-11-16,-66,-1,829,"Sunny"
"1801",2012-11-17,-65,-2,830,"Sunny"
"1800",2012-11-18,-67,-3,833,"Sunny"
"1799",2012-11-19,-66,-3,836,"Sunny"
"1798",2012-11-20,-67,-5,838,"Sunny"
"1797",2012-11-21,-66,-6,839,"Sunny"
"1796",2012-11-23,-66,-8,841,"Sunny"
"1795",2012-11-24,-66,-5,844,"Sunny"
"1794",2012-11-25,-65,-4,845,"Sunny"
"1793",2012-11-26,-64,-3,844,"Sunny"
"1792",2012-11-27,-65,-5,848,"Sunny"
"1791",2012-11-28,-66,-4,849,"Sunny"
"1790",2012-11-29,-65,-8,852,"Sunny"
"1789",2012-11-30,-66,-6,857,"Sunny"
"1788",2012-12-01,-69,-6,857,"Sunny"
"1787",2012-12-02,-66,-8,857,"Sunny"
"1786",2012-12-03,-67,-6,859,"Sunny"
"1785",2012-12-04,-66,-5,861,"Sunny"
"1784",2012-12-05,-65,-6,864,"Sunny"
"1783",2012-12-06,-66,-6,866,"Sunny"
"1782",2012-12-07,-67,-3,867,"Sunny"
"1781",2012-12-08,-66,0,869,"Sunny"
"1780",2012-12-09,-65,-3,869,"Sunny"
"1779",2012-12-10,-66,-10,875,"Sunny"
"1778",2012-12-11,-66,-5,876,"Sunny"
"1777",2012-12-12,-68,-5,880,"Sunny"
"1776",2012-12-13,-66,-4,880,"Sunny"
"1775",2012-12-14,-67,-1,884,"Sunny"
"1774",2012-12-15,-67,-3,883,"Sunny"
"1773",2012-12-16,-65,-2,886,"Sunny"
"1772",2012-12-17,-65,-9,888,"Sunny"
"1771",2012-12-18,-65,-8,889,"Sunny"
"1770",2012-12-19,-65,-6,890,"Sunny"
"1769",2012-12-20,-65,1,891,"Sunny"
"1768",2012-12-21,-67,-1,893,"Sunny"
"1767",2012-12-22,-65,-5,894,"Sunny"
"1766",2012-12-23,-65,-1,897,"Sunny"
"1765",2012-12-24,-64,-1,896,"Sunny"
"1764",2012-12-25,-65,-1,899,"Sunny"
"1763",2012-12-26,-66,0,899,"Sunny"
"1762",2012-12-27,-66,-2,903,"Sunny"
"1761",2012-12-28,-64,-2,904,"Sunny"
"1760",2012-12-29,-65,0,906,"Sunny"
"1759",2012-12-31,-63,-2,908,"Sunny"
"1758",2013-01-01,-64,2,907,"Sunny"
"1757",2013-01-02,-64,-1,909,"Sunny"
"1756",2013-01-03,-65,-1,908,"Sunny"
"1755",2013-01-04,-65,0,914,"Sunny"
"1754",2013-01-05,-65,-3,912,"Sunny"
"1753",2013-01-06,-65,0,914,"Sunny"
"1752",2013-01-07,-64,-3,913,"Sunny"
"1751",2013-01-08,-65,-3,915,"Sunny"
"1750",2013-01-09,-63,1,914,"Sunny"
"1749",2013-01-10,-65,1,915,"Sunny"
"1748",2013-01-11,-65,-2,917,"Sunny"
"1747",2013-01-12,-64,0,917,"Sunny"
"1746",2013-01-13,-65,0,922,"Sunny"
"1745",2013-01-14,-64,-2,920,"Sunny"
"1744",2013-01-15,-66,-3,922,"Sunny"
"1743",2013-01-16,-65,-4,918,"Sunny"
"1742",2013-01-17,-67,-3,919,"Sunny"
"1741",2013-01-18,-65,-2,919,"Sunny"
"1740",2013-01-19,-65,-1,919,"Sunny"
"1739",2013-01-20,-65,-1,919,"Sunny"
"1738",2013-01-21,-64,-1,919,"Sunny"
"1737",2013-01-22,-65,-3,922,"Sunny"
"1736",2013-01-23,-65,-5,922,"Sunny"
"1735",2013-01-24,-65,-3,920,"Sunny"
"1734",2013-01-25,-66,1,923,"Sunny"
"1733",2013-01-26,-66,0,922,"Sunny"
"1732",2013-01-27,-66,0,925,"Sunny"
"1731",2013-01-28,-67,1,925,"Sunny"
"1730",2013-01-29,-67,0,923,"Sunny"
"1729",2013-01-30,-67,0,920,"Sunny"
"1728",2013-01-31,-67,0,921,"Sunny"
"1727",2013-02-01,-68,-4,921,"Sunny"
"1726",2013-02-02,-67,0,920,"Sunny"
"1725",2013-02-03,-66,-1,921,"Sunny"
"1724",2013-02-04,-66,-2,920,"Sunny"
"1723",2013-02-06,-66,-7,920,"Sunny"
"1722",2013-02-07,-67,-1,919,"Sunny"
"1721",2013-02-08,-67,1,918,"Sunny"
"1720",2013-02-09,-67,0,921,"Sunny"
"1719",2013-02-10,-67,-1,921,"Sunny"
"1718",2013-02-11,-67,0,923,"Sunny"
"1717",2013-02-12,-67,-5,923,"Sunny"
"1716",2013-02-13,-66,-2,922,"Sunny"
"1715",2013-02-14,-67,-1,921,"Sunny"
"1714",2013-02-15,-68,-3,920,"Sunny"
"1713",2013-02-16,-68,-2,920,"Sunny"
"1712",2013-02-17,-66,-3,917,"Sunny"
"1711",2013-02-18,-67,-3,921,"Sunny"
"1708",2013-02-23,-66,-3,916,"Sunny"
"1707",2013-02-24,-68,-3,915,"Sunny"
"1706",2013-02-25,-67,-2,914,"Sunny"
"1705",2013-02-26,-66,0,917,"Sunny"
"1701",2013-03-23,-71,-5,895,"Sunny"
"1700",2013-03-24,-69,-1,894,"Sunny"
"1699",2013-03-25,-71,-8,894,"Sunny"
"1698",2013-03-26,-70,1,894,"Sunny"
"1697",2013-03-27,-70,4,892,"Sunny"
"1696",2013-03-28,-71,-3,894,"Sunny"
"1695",2013-03-29,-69,-4,894,"Sunny"
"1694",2013-03-30,-69,0,888,"Sunny"
"1693",2013-03-31,-71,-6,890,"Sunny"
"1692",2013-04-01,-69,-5,888,"Sunny"
"1691",2013-04-02,-69,-3,889,"Sunny"
"1690",2013-04-03,-69,-4,890,"Sunny"
"1689",2013-04-04,-70,0,886,"Sunny"
"1688",2013-04-05,-72,-3,886,"Sunny"
"1687",2013-04-06,-71,-5,883,"Sunny"
"1686",2013-04-07,-70,-2,885,"Sunny"
"1685",2013-04-08,-73,-1,885,"Sunny"
"1684",2013-04-09,-70,-6,884,"Sunny"
"1683",2013-04-10,-72,0,884,"Sunny"
"1682",2013-04-11,-70,-7,881,"Sunny"
"1681",2013-04-12,-71,-7,884,"Sunny"
"1680",2013-04-13,-69,-6,878,"Sunny"
"1679",2013-04-14,-70,-6,879,"Sunny"
"1678",2013-04-15,-73,-1,878,"Sunny"
"1677",2013-04-16,-71,-4,873,"Sunny"
"1676",2013-04-17,-70,-4,877,"Sunny"
"1675",2013-04-18,-69,-3,873,"Sunny"
"1674",2013-04-19,-70,-2,877,"Sunny"
"1673",2013-04-20,-71,-2,876,"Sunny"
"1672",2013-04-22,-71,-8,874,"Sunny"
"1671",2013-04-23,-71,-6,877,"Sunny"
"1670",2013-04-24,-70,-3,871,"Sunny"
"1669",2013-04-25,-69,-5,877,"Sunny"
"1668",2013-04-26,-70,-2,871,"Sunny"
"1667",2013-04-27,-70,-1,871,"Sunny"
"1666",2013-04-28,-71,-9,869,"Sunny"
"1665",2013-04-29,-72,-3,871,"Sunny"
"1664",2013-04-30,-70,-11,875,"Sunny"
"1663",2013-05-01,-70,-4,868,"Sunny"
"1660",2013-05-08,-70,-5,864,"Sunny"
"1659",2013-05-09,-72,-3,866,"Sunny"
"1658",2013-05-10,-67,-6,863,"Sunny"
"1657",2013-05-11,-69,-6,864,"Sunny"
"1656",2013-05-12,-71,-5,864,"Sunny"
"1655",2013-05-13,-70,-4,861,"Sunny"
"1654",2013-05-14,-70,-2,861,"Sunny"
"1653",2013-05-15,-67,-6,860,"Sunny"
"1652",2013-05-16,-69,-4,858,"Sunny"
"1651",2013-05-17,-69,-4,857,"Sunny"
"1650",2013-05-18,-67,-3,855,"Sunny"
"1649",2013-05-19,-68,-5,856,"Sunny"
"1648",2013-05-20,-69,-4,856,"Sunny"
"1647",2013-05-21,-68,-2,855,"Sunny"
"1646",2013-05-22,-72,-2,856,"Sunny"
"1645",2013-05-23,-68,-4,854,"Sunny"
"1644",2013-05-24,-71,-3,854,"Sunny"
"1643",2013-05-25,-70,-5,852,"Sunny"
"1642",2013-05-26,-71,-2,854,"Sunny"
"1641",2013-05-27,-72,-3,856,"Sunny"
"1640",2013-05-29,-69,-4,854,"Sunny"
"1639",2013-05-30,-71,-3,854,"Sunny"
"1638",2013-05-31,-71,-3,853,"Sunny"
"1637",2013-06-01,-70,-4,853,"Sunny"
"1636",2013-06-02,-71,-1,853,"Sunny"
"1635",2013-06-03,-72,-4,850,"Sunny"
"1634",2013-06-04,-72,-4,852,"Sunny"
"1633",2013-06-05,-71,-15,853,"Sunny"
"1632",2013-06-06,-71,-9,850,"Sunny"
"1631",2013-06-07,-72,-7,849,"Sunny"
"1630",2013-06-08,-72,-3,850,"Sunny"
"1629",2013-06-09,-71,-8,849,"Sunny"
"1628",2013-06-10,-72,-8,852,"Sunny"
"1627",2013-06-11,-73,-6,852,"Sunny"
"1626",2013-06-12,-71,-3,850,"Sunny"
"1625",2013-06-13,-71,-8,849,"Sunny"
"1624",2013-06-14,-70,-6,848,"Sunny"
"1623",2013-06-15,-71,-5,847,"Sunny"
"1622",2013-06-16,-71,-8,848,"Sunny"
"1621",2013-06-17,-72,-8,851,"Sunny"
"1620",2013-06-18,-73,-5,850,"Sunny"
"1619",2013-06-19,-72,-7,848,"Sunny"
"1618",2013-06-20,-71,-9,849,"Sunny"
"1617",2013-06-21,-74,-8,846,"Sunny"
"1616",2013-06-22,-71,-11,845,"Sunny"
"1615",2013-06-23,-77,-14,849,"Sunny"
"1614",2013-06-24,-73,-11,848,"Sunny"
"1613",2013-06-25,-74,-10,850,"Sunny"
"1612",2013-06-26,-74,-16,851,"Sunny"
"1611",2013-06-27,-72,-4,849,"Sunny"
"1610",2013-06-28,-74,-4,849,"Sunny"
"1609",2013-06-29,-73,-3,847,"Sunny"
"1608",2013-06-30,-74,-4,846,"Sunny"
"1607",2013-07-01,-75,-5,847,"Sunny"
"1606",2013-07-02,-74,-5,849,"Sunny"
"1605",2013-07-03,-74,-6,847,"Sunny"
"1604",2013-07-04,-75,-8,850,"Sunny"
"1603",2013-07-06,-74,-8,847,"Sunny"
"1602",2013-07-07,-72,-5,848,"Sunny"
"1601",2013-07-08,-74,-8,848,"Sunny"
"1600",2013-07-09,-75,-5,847,"Sunny"
"1599",2013-07-10,-74,-7,847,"Sunny"
"1598",2013-07-11,-75,-5,848,"Sunny"
"1597",2013-07-12,-74,-3,848,"Sunny"
"1596",2013-07-13,-76,-5,849,"Sunny"
"1595",2013-07-14,-75,-5,849,"Sunny"
"1594",2013-07-15,-74,-6,852,"Sunny"
"1593",2013-07-16,-76,-7,852,"Sunny"
"1592",2013-07-17,-76,-8,852,"Sunny"
"1591",2013-07-18,-75,-7,853,"Sunny"
"1590",2013-07-19,-78,-7,848,"Sunny"
"1589",2013-07-20,-76,-8,849,"Sunny"
"1588",2013-07-21,-76,-6,851,"Sunny"
"1587",2013-07-22,-77,-6,852,"Sunny"
"1586",2013-07-23,-76,-7,851,"Sunny"
"1585",2013-07-24,-77,-11,850,"Sunny"
"1584",2013-07-25,-77,-6,851,"Sunny"
"1583",2013-07-26,-77,-7,853,"Sunny"
"1582",2013-07-27,-76,-7,853,"Sunny"
"1581",2013-07-28,-77,-9,851,"Sunny"
"1580",2013-07-29,-74,-8,850,"Sunny"
"1579",2013-07-30,-75,-12,852,"Sunny"
"1578",2013-07-31,-76,-6,853,"Sunny"
"1577",2013-08-01,-75,-12,853,"Sunny"
"1576",2013-08-02,-77,-9,854,"Sunny"
"1575",2013-08-03,-75,-8,855,"Sunny"
"1574",2013-08-04,-75,-13,857,"Sunny"
"1573",2013-08-05,-75,-7,857,"Sunny"
"1572",2013-08-06,-77,-7,856,"Sunny"
"1571",2013-08-07,-76,-7,857,"Sunny"
"1568",2013-08-17,-76,-12,861,"Sunny"
"1567",2013-08-18,-76,-9,862,"Sunny"
"1566",2013-08-19,-77,-9,863,"Sunny"
"1565",2013-08-20,-75,-9,865,"Sunny"
"1564",2013-08-21,-79,-9,865,"Sunny"
"1563",2013-08-22,-77,-11,865,"Sunny"
"1562",2013-08-23,-76,-9,866,"Sunny"
"1561",2013-08-24,-79,-8,866,"Sunny"
"1560",2013-08-25,-79,-9,866,"Sunny"
"1559",2013-08-26,-77,-9,867,"Sunny"
"1558",2013-08-27,-78,-11,870,"Sunny"
"1557",2013-08-28,-78,-12,870,"Sunny"
"1556",2013-08-29,-78,-18,869,"Sunny"
"1555",2013-08-30,-79,-12,870,"Sunny"
"1554",2013-08-31,-79,-13,870,"Sunny"
"1553",2013-09-01,-79,-13,871,"Sunny"
"1552",2013-09-02,-76,-14,872,"Sunny"
"1551",2013-09-03,-77,-12,874,"Sunny"
"1550",2013-09-04,-77,-12,875,"Sunny"
"1549",2013-09-05,-78,-12,874,"Sunny"
"1548",2013-09-06,-77,-12,873,"Sunny"
"1547",2013-09-07,-78,-13,874,"Sunny"
"1546",2013-09-08,-79,-13,875,"Sunny"
"1545",2013-09-09,-79,-14,875,"Sunny"
"1544",2013-09-10,-78,-16,875,"Sunny"
"1543",2013-09-11,-78,-17,875,"Sunny"
"1542",2013-09-12,-77,-17,876,"Sunny"
"1541",2013-09-13,-76,-18,877,"Sunny"
"1540",2013-09-14,-79,-18,878,"Sunny"
"1539",2013-09-15,-77,-20,878,"Sunny"
"1538",2013-09-16,-78,-15,879,"Sunny"
"1537",2013-09-18,-75,-15,880,"Sunny"
"1536",2013-09-19,-79,-14,880,"Sunny"
"1535",2013-09-20,-79,-16,881,"Sunny"
"1534",2013-09-21,-79,-16,881,"Sunny"
"1533",2013-09-22,-79,-15,882,"Sunny"
"1532",2013-09-23,-78,-18,883,"Sunny"
"1531",2013-09-24,-80,-18,883,"Sunny"
"1530",2013-09-25,-78,-20,884,"Sunny"
"1529",2013-09-26,-82,-25,885,"Sunny"
"1528",2013-09-27,-81,-15,886,"Sunny"
"1527",2013-09-28,-81,-17,887,"Sunny"
"1526",2013-09-29,-80,-16,887,"Sunny"
"1525",2013-09-30,-81,-17,887,"Sunny"
"1524",2013-10-01,-81,-14,888,"Sunny"
"1523",2013-10-02,-82,-17,887,"Sunny"
"1522",2013-10-03,-80,-22,888,"Sunny"
"1521",2013-10-04,-82,-22,888,"Sunny"
"1520",2013-10-05,-79,-18,889,"Sunny"
"1519",2013-10-06,-82,-19,890,"Sunny"
"1518",2013-10-07,-79,-18,889,"Sunny"
"1517",2013-10-08,-82,-21,890,"Sunny"
"1516",2013-10-09,-79,-21,891,"Sunny"
"1515",2013-10-10,-82,-24,891,"Sunny"
"1514",2013-10-11,-80,-19,892,"Sunny"
"1513",2013-10-12,-81,-24,890,"Sunny"
"1512",2013-10-13,-82,-20,891,"Sunny"
"1511",2013-10-14,-81,-24,892,"Sunny"
"1510",2013-10-15,-81,-22,893,"Sunny"
"1509",2013-10-16,-81,-21,893,"Sunny"
"1508",2013-10-17,-79,-22,893,"Sunny"
"1507",2013-10-18,-81,-21,893,"Sunny"
"1506",2013-10-19,-81,-23,894,"Sunny"
"1505",2013-10-20,-82,-21,895,"Sunny"
"1504",2013-10-21,-82,-24,896,"Sunny"
"1503",2013-10-22,-83,-24,895,"Sunny"
"1502",2013-10-23,-80,-26,896,"Sunny"
"1501",2013-10-24,-81,-26,895,"Sunny"
"1500",2013-10-26,-80,-25,896,"Sunny"
"1499",2013-10-27,-81,-24,896,"Sunny"
"1498",2013-10-28,-81,-24,897,"Sunny"
"1497",2013-10-29,-82,-27,898,"Sunny"
"1496",2013-10-30,-79,-26,899,"Sunny"
"1495",2013-10-31,-80,-21,899,"Sunny"
"1494",2013-11-01,-80,-25,899,"Sunny"
"1493",2013-11-02,-81,-23,900,"Sunny"
"1492",2013-11-03,-80,-22,900,"Sunny"
"1491",2013-11-04,-81,-24,901,"Sunny"
"1488",2013-11-16,-84,-28,905,"Sunny"
"1487",2013-11-17,-83,-26,905,"Sunny"
"1484",2013-11-24,-86,-26,906,"Sunny"
"1483",2013-11-25,-84,-26,906,"Sunny"
"1482",2013-11-26,-85,-23,906,"Sunny"
"1481",2013-11-27,-85,-26,907,"Sunny"
"1480",2013-11-28,-84,-28,907,"Sunny"
"1479",2013-11-29,-85,-29,907,"Sunny"
"1478",2013-11-30,-85,-29,908,"Sunny"
"1477",2013-12-02,-85,-26,907,"Sunny"
"1476",2013-12-03,-84,-26,906,"Sunny"
"1475",2013-12-04,-84,-31,907,"Sunny"
"1474",2013-12-05,-86,-29,907,"Sunny"
"1473",2013-12-06,-84,-26,906,"Sunny"
"1472",2013-12-07,-85,-28,906,"Sunny"
"1471",2013-12-08,-85,-25,906,"Sunny"
"1470",2013-12-09,-85,-26,907,"Sunny"
"1467",2013-12-18,-84,-31,904,"Sunny"
"1466",2013-12-19,-85,-30,904,"Sunny"
"1465",2013-12-20,-87,-23,903,"Sunny"
"1464",2013-12-21,-85,-29,904,"Sunny"
"1463",2013-12-22,-87,-31,903,"Sunny"
"1462",2013-12-23,-86,-30,903,"Sunny"
"1461",2013-12-24,-86,-30,903,"Sunny"
"1460",2013-12-25,-84,-32,902,"Sunny"
"1459",2013-12-26,-85,-24,902,"Sunny"
"1458",2013-12-27,-86,-26,900,"Sunny"
"1457",2013-12-28,-85,-26,901,"Sunny"
"1456",2013-12-29,-86,-30,901,"Sunny"
"1455",2013-12-30,-86,-28,901,"Sunny"
"1454",2013-12-31,-84,-30,899,"Sunny"
"1453",2014-01-01,-85,-23,897,"Sunny"
"1452",2014-01-02,-86,-28,898,"Sunny"
"1451",2014-01-03,-87,-30,898,"Sunny"
"1450",2014-01-04,-86,-28,897,"Sunny"
"1449",2014-01-05,-85,-29,895,"Sunny"
"1448",2014-01-06,-85,-29,895,"Sunny"
"1447",2014-01-08,-86,-27,894,"Sunny"
"1446",2014-01-09,-85,-25,894,"Sunny"
"1445",2014-01-10,-83,-29,893,"Sunny"
"1444",2014-01-11,-86,-30,895,"Sunny"
"1443",2014-01-12,-85,-31,892,"Sunny"
"1442",2014-01-13,-85,-31,892,"Sunny"
"1441",2014-01-14,-86,-24,890,"Sunny"
"1440",2014-01-15,-86,-29,889,"Sunny"
"1439",2014-01-16,-86,-29,888,"Sunny"
"1438",2014-01-17,-86,-23,888,"Sunny"
"1437",2014-01-18,-86,-25,888,"Sunny"
"1436",2014-01-19,-86,-27,885,"Sunny"
"1435",2014-01-20,-85,-29,885,"Sunny"
"1434",2014-01-21,-86,-25,884,"Sunny"
"1433",2014-01-22,-86,-24,884,"Sunny"
"1432",2014-01-23,-87,-26,882,"Sunny"
"1431",2014-01-24,-85,-26,881,"Sunny"
"1430",2014-01-25,-85,-25,881,"Sunny"
"1429",2014-01-26,-85,-27,880,"Sunny"
"1428",2014-01-27,-87,-29,878,"Sunny"
"1427",2014-01-28,-87,-24,878,"Sunny"
"1426",2014-01-29,-86,-23,877,"Sunny"
"1425",2014-01-30,-86,-26,876,"Sunny"
"1424",2014-01-31,-87,-23,875,"Sunny"
"1423",2014-02-01,-87,-28,873,"Sunny"
"1422",2014-02-02,-87,-22,872,"Sunny"
"1421",2014-02-03,-88,-23,872,"Sunny"
"1420",2014-02-04,-87,-30,871,"Sunny"
"1419",2014-02-05,-86,-29,869,"Sunny"
"1418",2014-02-06,-88,-29,868,"Sunny"
"1417",2014-02-07,-83,-29,867,"Sunny"
"1416",2014-02-08,-83,-28,865,"Sunny"
"1415",2014-02-09,-85,-25,865,"Sunny"
"1414",2014-02-10,-85,-23,864,"Sunny"
"1413",2014-02-11,-84,-29,862,"Sunny"
"1412",2014-02-12,-84,-27,861,"Sunny"
"1411",2014-02-13,-85,-28,859,"Sunny"
"1410",2014-02-15,-84,-26,858,"Sunny"
"1409",2014-02-16,-86,-27,857,"Sunny"
"1408",2014-02-17,-85,-29,856,"Sunny"
"1407",2014-02-18,-85,-34,855,"Sunny"
"1406",2014-02-19,-85,-29,853,"Sunny"
"1405",2014-02-20,-86,-28,852,"Sunny"
"1404",2014-02-21,-87,-23,851,"Sunny"
"1403",2014-02-22,-85,-27,850,"Sunny"
"1402",2014-02-23,-85,-28,848,"Sunny"
"1401",2014-02-24,-86,-29,847,"Sunny"
"1400",2014-02-25,-84,-26,845,"Sunny"
"1399",2014-02-26,-84,-22,843,"Sunny"
"1398",2014-02-27,-85,-31,843,"Sunny"
"1397",2014-02-28,-85,-29,842,"Sunny"
"1396",2014-03-01,-85,-29,840,"Sunny"
"1395",2014-03-02,-85,-26,839,"Sunny"
"1394",2014-03-03,-85,-27,838,"Sunny"
"1393",2014-03-04,-86,-23,836,"Sunny"
"1392",2014-03-05,-85,-23,835,"Sunny"
"1391",2014-03-06,-85,-23,834,"Sunny"
"1390",2014-03-07,-87,-31,833,"Sunny"
"1389",2014-03-08,-86,-27,831,"Sunny"
"1388",2014-03-09,-85,-27,830,"Sunny"
"1387",2014-03-10,-86,-27,829,"Sunny"
"1386",2014-03-11,-86,-28,827,"Sunny"
"1385",2014-03-12,-86,-28,825,"Sunny"
"1384",2014-03-13,-85,-27,825,"Sunny"
"1383",2014-03-14,-84,-26,823,"Sunny"
"1382",2014-03-15,-84,-26,821,"Sunny"
"1381",2014-03-16,-85,-27,820,"Sunny"
"1380",2014-03-17,-84,-27,819,"Sunny"
"1379",2014-03-18,-85,-23,817,"Sunny"
"1378",2014-03-19,-82,-26,816,"Sunny"
"1377",2014-03-20,-84,-26,815,"Sunny"
"1376",2014-03-21,-84,-27,813,"Sunny"
"1375",2014-03-22,-83,-23,812,"Sunny"
"1374",2014-03-24,-82,-22,811,"Sunny"
"1373",2014-03-25,-83,-24,810,"Sunny"
"1372",2014-03-26,-84,-28,808,"Sunny"
"1371",2014-03-27,-84,-27,807,"Sunny"
"1370",2014-03-28,-82,-27,806,"Sunny"
"1369",2014-03-29,-82,-25,804,"Sunny"
"1368",2014-03-30,-83,-26,802,"Sunny"
"1367",2014-03-31,-82,-24,802,"Sunny"
"1366",2014-04-01,-85,-28,801,"Sunny"
"1365",2014-04-02,-84,-24,799,"Sunny"
"1364",2014-04-03,-85,-27,798,"Sunny"
"1363",2014-04-04,-82,-26,797,"Sunny"
"1362",2014-04-05,-82,-26,795,"Sunny"
"1361",2014-04-06,-83,-26,795,"Sunny"
"1360",2014-04-07,-83,-23,795,"Sunny"
"1359",2014-04-08,-83,-22,793,"Sunny"
"1358",2014-04-09,-83,-25,792,"Sunny"
"1357",2014-04-10,-82,-24,791,"Sunny"
"1356",2014-04-11,-84,-26,790,"Sunny"
"1355",2014-04-12,-84,-25,787,"Sunny"
"1354",2014-04-13,-84,-20,788,"Sunny"
"1353",2014-04-14,-81,-25,787,"Sunny"
"1352",2014-04-15,-82,-25,785,"Sunny"
"1351",2014-04-16,-82,-22,784,"Sunny"
"1350",2014-04-17,-83,-15,783,"Sunny"
"1349",2014-04-18,-84,-17,782,"Sunny"
"1348",2014-04-19,-83,-22,781,"Sunny"
"1347",2014-04-20,-84,-27,780,"Sunny"
"1346",2014-04-21,-83,-28,779,"Sunny"
"1345",2014-04-22,-85,-21,777,"Sunny"
"1344",2014-04-23,-84,-20,777,"Sunny"
"1343",2014-04-24,-85,-20,776,"Sunny"
"1342",2014-04-25,-84,-23,775,"Sunny"
"1341",2014-04-26,-85,-27,774,"Sunny"
"1340",2014-04-27,-84,-21,773,"Sunny"
"1339",2014-04-28,-82,-19,772,"Sunny"
"1338",2014-04-29,-83,-23,771,"Sunny"
"1337",2014-05-01,-82,-19,769,"Sunny"
"1336",2014-05-02,-84,-19,769,"Sunny"
"1335",2014-05-03,-83,-23,769,"Sunny"
"1334",2014-05-04,-82,-22,766,"Sunny"
"1333",2014-05-05,-83,-19,765,"Sunny"
"1332",2014-05-06,-82,-21,765,"Sunny"
"1331",2014-05-07,-84,-19,763,"Sunny"
"1330",2014-05-08,-83,-21,763,"Sunny"
"1329",2014-05-09,-82,-19,762,"Sunny"
"1328",2014-05-10,-81,-24,761,"Sunny"
"1327",2014-05-11,-82,-21,760,"Sunny"
"1326",2014-05-12,-82,-19,759,"Sunny"
"1325",2014-05-13,-81,-23,759,"Sunny"
"1324",2014-05-14,-84,-24,759,"Sunny"
"1323",2014-05-15,-82,-20,757,"Sunny"
"1322",2014-05-16,-81,-18,756,"Sunny"
"1321",2014-05-17,-79,-18,755,"Sunny"
"1320",2014-05-18,-81,-15,754,"Sunny"
"1319",2014-05-19,-82,-20,753,"Sunny"
"1318",2014-05-20,-82,-10,754,"Sunny"
"1317",2014-05-21,-81,-19,752,"Sunny"
"1316",2014-05-22,-80,-18,752,"Sunny"
"1315",2014-05-23,-80,-12,751,"Sunny"
"1314",2014-05-24,-80,-16,750,"Sunny"
"1313",2014-05-25,-81,-11,750,"Sunny"
"1312",2014-05-26,-81,-19,749,"Sunny"
"1311",2014-05-27,-80,-19,749,"Sunny"
"1310",2014-05-28,-80,-14,748,"Sunny"
"1309",2014-05-29,-80,-10,748,"Sunny"
"1308",2014-05-30,-81,-8,746,"Sunny"
"1307",2014-05-31,-81,-16,746,"Sunny"
"1306",2014-06-01,-79,-19,746,"Sunny"
"1305",2014-06-02,-80,-20,746,"Sunny"
"1304",2014-06-03,-79,-14,745,"Sunny"
"1303",2014-06-04,-80,-11,743,"Sunny"
"1302",2014-06-05,-80,-8,743,"Sunny"
"1301",2014-06-07,-79,-12,745,"Sunny"
"1300",2014-06-08,-80,-13,744,"Sunny"
"1299",2014-06-09,-79,-8,742,"Sunny"
"1298",2014-06-10,-77,-14,741,"Sunny"
"1297",2014-06-11,-80,-13,740,"Sunny"
"1296",2014-06-12,-79,-6,739,"Sunny"
"1295",2014-06-13,-79,-10,739,"Sunny"
"1294",2014-06-14,-77,-14,738,"Sunny"
"1293",2014-06-15,-78,-12,735,"Sunny"
"1292",2014-06-16,-76,-10,735,"Sunny"
"1291",2014-06-17,-77,-11,735,"Sunny"
"1290",2014-06-18,-77,-10,734,"Sunny"
"1289",2014-06-19,-78,-8,732,"Sunny"
"1288",2014-06-20,-78,-4,735,"Sunny"
"1287",2014-06-21,-77,-7,736,"Sunny"
"1286",2014-06-22,-76,-7,736,"Sunny"
"1285",2014-06-23,-75,-4,734,"Sunny"
"1284",2014-06-24,-84,-4,735,"Sunny"
"1283",2014-06-25,-79,-7,737,"Sunny"
"1282",2014-06-26,-79,-15,740,"Sunny"
"1281",2014-06-27,-78,-16,739,"Sunny"
"1280",2014-06-28,-78,-16,738,"Sunny"
"1279",2014-06-29,-80,-17,739,"Sunny"
"1278",2014-06-30,-80,-12,740,"Sunny"
"1277",2014-07-01,-80,-17,738,"Sunny"
"1276",2014-07-02,-78,-12,737,"Sunny"
"1275",2014-07-03,-77,-17,739,"Sunny"
"1274",2014-07-04,-77,-13,738,"Sunny"
"1273",2014-07-05,-76,-15,740,"Sunny"
"1272",2014-07-06,-79,-17,738,"Sunny"
"1271",2014-07-07,-77,-16,739,"Sunny"
"1270",2014-07-08,-79,-7,741,"Sunny"
"1269",2014-07-09,-75,-9,741,"Sunny"
"1268",2014-07-10,-77,-2,740,"Sunny"
"1267",2014-07-11,-76,-4,738,"Sunny"
"1266",2014-07-12,-77,-2,739,"Sunny"
"1265",2014-07-14,-77,-5,741,"Sunny"
"1264",2014-07-15,-76,-6,742,"Sunny"
"1263",2014-07-16,-77,-7,741,"Sunny"
"1262",2014-07-17,-76,-8,741,"Sunny"
"1261",2014-07-18,-76,-4,742,"Sunny"
"1260",2014-07-19,-76,-2,741,"Sunny"
"1259",2014-07-20,-75,-1,740,"Sunny"
"1258",2014-07-21,-76,-1,741,"Sunny"
"1257",2014-07-22,-75,-2,743,"Sunny"
"1256",2014-07-23,-74,-4,743,"Sunny"
"1255",2014-07-24,-77,-3,743,"Sunny"
"1254",2014-07-25,-76,-2,744,"Sunny"
"1253",2014-07-26,-75,-2,745,"Sunny"
"1252",2014-07-27,-77,-1,745,"Sunny"
"1251",2014-07-28,-76,-2,745,"Sunny"
"1250",2014-07-29,-75,-6,747,"Sunny"
"1249",2014-07-30,-75,-5,747,"Sunny"
"1248",2014-07-31,-76,-9,746,"Sunny"
"1247",2014-08-01,-76,0,748,"Sunny"
"1246",2014-08-02,-76,1,749,"Sunny"
"1245",2014-08-03,-76,1,749,"Sunny"
"1244",2014-08-04,-73,-11,750,"Sunny"
"1243",2014-08-05,-77,-12,751,"Sunny"
"1242",2014-08-06,-75,-11,751,"Sunny"
"1241",2014-08-07,-77,-10,752,"Sunny"
"1240",2014-08-08,-76,-12,754,"Sunny"
"1239",2014-08-09,-76,2,754,"Sunny"
"1238",2014-08-10,-73,2,755,"Sunny"
"1237",2014-08-11,-75,2,755,"Sunny"
"1236",2014-08-12,-76,5,756,"Sunny"
"1235",2014-08-13,-77,3,757,"Sunny"
"1234",2014-08-14,-77,-1,758,"Sunny"
"1233",2014-08-15,-74,-1,760,"Sunny"
"1232",2014-08-16,-73,-5,761,"Sunny"
"1231",2014-08-17,-74,1,760,"Sunny"
"1230",2014-08-18,-73,2,761,"Sunny"
"1229",2014-08-19,-74,1,763,"Sunny"
"1228",2014-08-21,-73,-5,764,"Sunny"
"1227",2014-08-22,-75,1,766,"Sunny"
"1226",2014-08-23,-76,1,766,"Sunny"
"1225",2014-08-24,-74,1,766,"Sunny"
"1224",2014-08-25,-75,3,768,"Sunny"
"1223",2014-08-26,-76,3,770,"Sunny"
"1222",2014-08-27,-75,-4,771,"Sunny"
"1221",2014-08-28,-75,-8,773,"Sunny"
"1220",2014-08-29,-74,-2,773,"Sunny"
"1219",2014-08-30,-73,-3,776,"Sunny"
"1218",2014-08-31,-73,1,776,"Sunny"
"1217",2014-09-01,-76,0,776,"Sunny"
"1216",2014-09-02,-74,3,777,"Sunny"
"1215",2014-09-03,-75,0,778,"Sunny"
"1214",2014-09-04,-77,-1,779,"Sunny"
"1213",2014-09-05,-76,-2,782,"Sunny"
"1212",2014-09-06,-70,-1,784,"Sunny"
"1211",2014-09-07,-72,0,784,"Sunny"
"1210",2014-09-08,-72,0,786,"Sunny"
"1209",2014-09-09,-75,-2,786,"Sunny"
"1208",2014-09-10,-74,1,787,"Sunny"
"1207",2014-09-11,-76,2,788,"Sunny"
"1206",2014-09-12,-73,6,789,"Sunny"
"1205",2014-09-13,-71,5,791,"Sunny"
"1204",2014-09-14,-73,3,794,"Sunny"
"1203",2014-09-15,-72,4,796,"Sunny"
"1202",2014-09-16,-72,-6,797,"Sunny"
"1201",2014-09-17,-71,-3,798,"Sunny"
"1200",2014-09-18,-73,8,800,"Sunny"
"1199",2014-09-19,-73,6,802,"Sunny"
"1198",2014-09-20,-74,2,806,"Sunny"
"1197",2014-09-21,-73,3,806,"Sunny"
"1196",2014-09-22,-73,5,807,"Sunny"
"1195",2014-09-23,-71,3,810,"Sunny"
"1194",2014-09-24,-77,8,809,"Sunny"
"1193",2014-09-25,-70,11,810,"Sunny"
"1192",2014-09-27,-72,7,814,"Sunny"
"1191",2014-09-28,-75,7,814,"Sunny"
"1190",2014-09-29,-78,6,817,"Sunny"
"1189",2014-09-30,-73,4,821,"Sunny"
"1188",2014-10-01,-73,5,820,"Sunny"
"1187",2014-10-02,-70,8,824,"Sunny"
"1186",2014-10-03,-71,9,824,"Sunny"
"1185",2014-10-04,-73,2,826,"Sunny"
"1184",2014-10-05,-73,4,829,"Sunny"
"1183",2014-10-06,-70,2,829,"Sunny"
"1182",2014-10-07,-71,9,836,"Sunny"
"1181",2014-10-08,-71,8,835,"Sunny"
"1180",2014-10-09,-70,8,838,"Sunny"
"1179",2014-10-10,-73,1,838,"Sunny"
"1178",2014-10-11,-71,3,838,"Sunny"
"1177",2014-10-12,-72,5,841,"Sunny"
"1176",2014-10-13,-72,8,841,"Sunny"
"1175",2014-10-14,-70,6,846,"Sunny"
"1174",2014-10-15,-71,6,845,"Sunny"
"1173",2014-10-16,-72,0,852,"Sunny"
"1172",2014-10-17,-74,-5,849,"Sunny"
"1171",2014-10-18,-71,9,854,"Sunny"
"1170",2014-10-19,-69,6,853,"Sunny"
"1169",2014-10-20,-69,-4,857,"Sunny"
"1168",2014-10-21,-74,-1,858,"Sunny"
"1167",2014-10-22,-74,-4,861,"Sunny"
"1166",2014-10-23,-73,-7,860,"Sunny"
"1165",2014-10-24,-68,-5,862,"Sunny"
"1164",2014-10-25,-68,-4,862,"Sunny"
"1163",2014-10-26,-68,2,864,"Sunny"
"1162",2014-10-27,-70,0,867,"Sunny"
"1161",2014-10-28,-71,0,873,"Sunny"
"1160",2014-10-29,-71,0,877,"Sunny"
"1159",2014-10-30,-68,-5,874,"Sunny"
"1158",2014-10-31,-68,1,875,"Sunny"
"1157",2014-11-01,-65,1,877,"Sunny"
"1156",2014-11-03,-65,-1,879,"Sunny"
"1155",2014-11-04,-67,0,883,"Sunny"
"1154",2014-11-05,-70,-4,884,"Sunny"
"1153",2014-11-06,-67,-2,884,"Sunny"
"1152",2014-11-07,-70,3,884,"Sunny"
"1151",2014-11-08,-69,7,887,"Sunny"
"1150",2014-11-09,-69,0,888,"Sunny"
"1149",2014-11-10,-73,0,891,"Sunny"
"1148",2014-11-11,-70,1,893,"Sunny"
"1147",2014-11-12,-69,2,893,"Sunny"
"1146",2014-11-13,-71,1,892,"Sunny"
"1145",2014-11-14,-67,7,893,"Sunny"
"1144",2014-11-15,-70,-2,895,"Sunny"
"1143",2014-11-16,-69,3,897,"Sunny"
"1142",2014-11-17,-71,-6,900,"Sunny"
"1141",2014-11-18,-75,3,902,"Sunny"
"1140",2014-11-19,-67,2,904,"Sunny"
"1139",2014-11-20,-68,-3,902,"Sunny"
"1138",2014-11-21,-69,-8,905,"Sunny"
"1137",2014-11-22,-74,-7,909,"Sunny"
"1136",2014-11-23,-69,0,913,"Sunny"
"1135",2014-11-24,-68,0,914,"Sunny"
"1134",2014-11-25,-71,0,913,"Sunny"
"1133",2014-11-26,-68,-1,910,"Sunny"
"1132",2014-11-27,-68,2,910,"Sunny"
"1131",2014-11-28,-71,1,911,"Sunny"
"1130",2014-11-29,-69,0,912,"Sunny"
"1129",2014-11-30,-67,2,914,"Sunny"
"1128",2014-12-01,-67,1,914,"Sunny"
"1127",2014-12-02,-68,0,914,"Sunny"
"1126",2014-12-03,-68,0,911,"Sunny"
"1125",2014-12-04,-71,-1,914,"Sunny"
"1124",2014-12-05,-71,-2,914,"Sunny"
"1123",2014-12-06,-68,-1,918,"Sunny"
"1122",2014-12-07,-68,-6,920,"Sunny"
"1121",2014-12-08,-68,-2,924,"Sunny"
"1120",2014-12-09,-69,-1,923,"Sunny"
"1119",2014-12-11,-68,-3,918,"Sunny"
"1118",2014-12-12,-69,-1,917,"Sunny"
"1117",2014-12-13,-69,-1,916,"Sunny"
"1116",2014-12-14,-69,4,916,"Sunny"
"1115",2014-12-15,-69,-1,917,"Sunny"
"1114",2014-12-16,-70,-1,917,"Sunny"
"1113",2014-12-17,-74,-4,913,"Sunny"
"1112",2014-12-18,-75,-7,914,"Sunny"
"1111",2014-12-19,-69,-6,914,"Sunny"
"1110",2014-12-20,-69,1,916,"Sunny"
"1109",2014-12-21,-68,5,917,"Sunny"
"1108",2014-12-22,-73,0,920,"Sunny"
"1107",2014-12-23,-74,-7,925,"Sunny"
"1106",2014-12-24,-69,-8,918,"Sunny"
"1105",2014-12-25,-69,-4,918,"Sunny"
"1104",2014-12-26,-69,-1,918,"Sunny"
"1103",2014-12-27,-68,-1,918,"Sunny"
"1102",2014-12-28,-68,-6,919,"Sunny"
"1101",2014-12-29,-73,-3,916,"Sunny"
"1100",2014-12-30,-67,0,913,"Sunny"
"1099",2014-12-31,-66,3,910,"Sunny"
"1098",2015-01-01,-69,0,912,"Sunny"
"1097",2015-01-02,-68,-3,912,"Sunny"
"1096",2015-01-03,-76,0,911,"Sunny"
"1095",2015-01-04,-73,-6,913,"Sunny"
"1094",2015-01-05,-72,-8,915,"Sunny"
"1093",2015-01-06,-69,-8,916,"Sunny"
"1092",2015-01-07,-70,-7,917,"Sunny"
"1091",2015-01-08,-70,-2,917,"Sunny"
"1090",2015-01-09,-72,-13,916,"Sunny"
"1089",2015-01-10,-70,-1,914,"Sunny"
"1088",2015-01-11,-70,-5,913,"Sunny"
"1087",2015-01-12,-71,-4,911,"Sunny"
"1086",2015-01-13,-71,-2,910,"Sunny"
"1085",2015-01-14,-71,-4,908,"Sunny"
"1084",2015-01-15,-72,-4,906,"Sunny"
"1083",2015-01-17,-74,-6,909,"Sunny"
"1082",2015-01-18,-70,-7,903,"Sunny"
"1081",2015-01-19,-72,1,902,"Sunny"
"1079",2015-01-28,-73,-4,899,"Sunny"
"1078",2015-01-29,-76,-6,901,"Sunny"
"1077",2015-01-30,-74,-4,897,"Sunny"
"1076",2015-01-31,-71,-5,897,"Sunny"
"1075",2015-02-01,-71,-4,895,"Sunny"
"1074",2015-02-02,-73,-6,894,"Sunny"
"1073",2015-02-03,-73,-4,897,"Sunny"
"1072",2015-02-04,-70,-5,896,"Sunny"
"1071",2015-02-05,-70,2,895,"Sunny"
"1070",2015-02-06,-72,-4,892,"Sunny"
"1069",2015-02-07,-72,-3,892,"Sunny"
"1068",2015-02-08,-71,-3,892,"Sunny"
"1067",2015-02-09,-72,2,890,"Sunny"
"1066",2015-02-10,-75,-4,891,"Sunny"
"1065",2015-02-11,-72,-4,889,"Sunny"
"1064",2015-02-12,-70,1,888,"Sunny"
"1063",2015-02-13,-72,5,884,"Sunny"
"1062",2015-02-14,-72,2,883,"Sunny"
"1061",2015-02-15,-75,-1,881,"Sunny"
"1060",2015-02-16,-70,1,883,"Sunny"
"1059",2015-02-17,-71,-2,885,"Sunny"
"1058",2015-02-18,-68,0,883,"Sunny"
"1057",2015-02-19,-71,-2,882,"Sunny"
"1056",2015-02-20,-71,0,878,"Sunny"
"1055",2015-02-21,-71,-2,880,"Sunny"
"1054",2015-02-22,-76,-3,878,"Sunny"
"1053",2015-02-24,-75,-1,879,"Sunny"
"1052",2015-02-25,-71,-3,883,"Sunny"
"1051",2015-02-26,-70,-2,878,"Sunny"
"1050",2015-02-27,-73,0,878,"Sunny"
"1049",2015-02-28,-70,0,874,"Sunny"
"1048",2015-03-01,-75,-4,875,"Sunny"
"1047",2015-03-02,-71,-4,871,"Sunny"
"1046",2015-03-03,-71,0,874,"Sunny"
"1045",2015-03-04,-71,-4,878,"Sunny"
"1044",2015-03-05,-71,-5,872,"Sunny"
"1043",2015-03-06,-76,-1,871,"Sunny"
"1042",2015-03-07,-71,0,867,"Sunny"
"1041",2015-03-08,-74,-3,870,"Sunny"
"1040",2015-03-09,-72,-2,868,"Sunny"
"1039",2015-03-10,-70,2,867,"Sunny"
"1038",2015-03-11,-73,-2,870,"Sunny"
"1037",2015-03-12,-72,-5,867,"Sunny"
"1036",2015-03-13,-74,-1,867,"Sunny"
"1035",2015-03-14,-71,-2,862,"Sunny"
"1034",2015-03-15,-76,1,864,"Sunny"
"1033",2015-03-16,-76,-2,862,"Sunny"
"1032",2015-03-17,-72,0,862,"Sunny"
"1031",2015-03-18,-75,0,866,"Sunny"
"1030",2015-03-19,-75,-1,865,"Sunny"
"1029",2015-03-20,-69,-1,864,"Sunny"
"1028",2015-03-21,-71,1,859,"Sunny"
"1027",2015-03-22,-71,-4,863,"Sunny"
"1026",2015-03-23,-73,1,858,"Sunny"
"1025",2015-03-24,-75,-2,862,"Sunny"
"1024",2015-03-25,-72,-3,865,"Sunny"
"1023",2015-03-26,-73,0,863,"Sunny"
"1021",2015-03-29,-73,-2,861,"Sunny"
"1020",2015-03-30,-74,0,857,"Sunny"
"1019",2015-03-31,-74,-1,857,"Sunny"
"1018",2015-04-02,-73,-1,854,"Sunny"
"1017",2015-04-03,-70,0,852,"Sunny"
"1016",2015-04-04,-72,-1,851,"Sunny"
"1015",2015-04-05,-77,-2,850,"Sunny"
"1014",2015-04-06,-70,-3,853,"Sunny"
"1013",2015-04-07,-73,-8,854,"Sunny"
"1012",2015-04-08,-72,-4,851,"Sunny"
"1011",2015-04-09,-73,0,850,"Sunny"
"1010",2015-04-10,-75,-4,849,"Sunny"
"1009",2015-04-11,-69,-6,847,"Sunny"
"1008",2015-04-12,-71,-5,847,"Sunny"
"1007",2015-04-13,-73,-3,847,"Sunny"
"1005",2015-04-17,-74,-9,848,"Sunny"
"1004",2015-04-18,-78,-4,846,"Sunny"
"1003",2015-04-19,-76,-8,846,"Sunny"
"1002",2015-04-20,-71,-3,849,"Sunny"
"1001",2015-04-21,-73,-2,845,"Sunny"
"1000",2015-04-22,-71,-5,850,"Sunny"
"999",2015-04-23,-72,-13,847,"Sunny"
"998",2015-04-24,-75,-10,847,"Sunny"
"997",2015-04-25,-73,-12,850,"Sunny"
"996",2015-04-26,-74,-2,844,"Sunny"
"995",2015-04-27,-71,-3,848,"Sunny"
"994",2015-04-28,-72,-2,844,"Sunny"
"993",2015-04-29,-71,-4,849,"Sunny"
"992",2015-04-30,-71,-3,848,"Sunny"
"991",2015-05-01,-73,-3,847,"Sunny"
"990",2015-05-02,-72,-4,844,"Sunny"
"989",2015-05-03,-73,-3,842,"Sunny"
"988",2015-05-04,-73,-3,843,"Sunny"
"987",2015-05-05,-75,-6,842,"Sunny"
"986",2015-05-06,-75,-4,841,"Sunny"
"985",2015-05-07,-73,-2,842,"Sunny"
"984",2015-05-09,-79,-4,841,"Sunny"
"983",2015-05-10,-73,1,840,"Sunny"
"982",2015-05-11,-73,-3,841,"Sunny"
"981",2015-05-12,-74,-4,840,"Sunny"
"980",2015-05-13,-76,-6,840,"Sunny"
"979",2015-05-14,-74,-6,840,"Sunny"
"978",2015-05-15,-78,-5,840,"Sunny"
"977",2015-05-16,-74,-1,840,"Sunny"
"976",2015-05-17,-74,-7,839,"Sunny"
"975",2015-05-18,-75,-10,840,"Sunny"
"974",2015-05-19,-74,-10,841,"Sunny"
"973",2015-05-20,-76,-1,839,"Sunny"
"972",2015-05-21,-73,-3,840,"Sunny"
"971",2015-05-22,-73,-6,842,"Sunny"
"970",2015-05-23,-73,-8,840,"Sunny"
"969",2015-05-24,-79,-5,842,"Sunny"
"968",2015-05-25,-74,-4,842,"Sunny"
"967",2015-05-26,-72,-4,842,"Sunny"
"966",2015-05-27,-74,-13,843,"Sunny"
"965",2015-05-28,-73,-8,842,"Sunny"
"964",2015-05-30,-74,-12,841,"Sunny"
"963",2015-05-31,-79,-12,843,"Sunny"
"962",2015-06-01,-77,-12,844,"Sunny"
"961",2015-06-02,-74,-10,843,"Sunny"
"960",2015-06-03,-74,-9,842,"Sunny"
"959",2015-06-04,-75,-12,843,"Sunny"
"958",2015-06-05,-78,-13,844,"Sunny"
"957",2015-06-06,-79,-12,845,"Sunny"
"956",2015-06-07,-79,-12,844,"Sunny"
"955",2015-06-08,-75,-12,845,"Sunny"
"954",2015-06-09,-74,-11,846,"Sunny"
"953",2015-06-10,-78,-12,845,"Sunny"
"952",2015-06-11,-81,-16,846,"Sunny"
"951",2015-06-12,-80,-12,846,"Sunny"
"950",2015-06-13,-77,-14,846,"Sunny"
"949",2015-06-14,-75,-13,847,"Sunny"
"948",2015-06-16,-76,-11,847,"Sunny"
"947",2015-06-17,-78,-12,850,"Sunny"
"946",2015-06-18,-79,-15,850,"Sunny"
"945",2015-06-19,-81,-14,849,"Sunny"
"944",2015-06-20,-63,-12,832,"Sunny"
"943",2015-06-21,-76,-14,850,"Sunny"
"942",2015-06-22,-75,-12,852,"Sunny"
"941",2015-06-23,-76,-15,851,"Sunny"
"940",2015-06-24,-76,-15,851,"Sunny"
"939",2015-06-25,-74,-14,851,"Sunny"
"938",2015-06-26,-78,-16,851,"Sunny"
"937",2015-06-28,-75,-15,853,"Sunny"
"936",2015-06-29,-75,-14,856,"Sunny"
"935",2015-06-30,-77,-15,855,"Sunny"
"934",2015-07-01,-76,-15,854,"Sunny"
"933",2015-07-02,-74,-16,854,"Sunny"
"932",2015-07-03,-77,-14,856,"Sunny"
"931",2015-07-04,-76,-14,859,"Sunny"
"930",2015-07-05,-77,-12,857,"Sunny"
"929",2015-07-06,-76,-17,856,"Sunny"
"928",2015-07-07,-80,-21,856,"Sunny"
"927",2015-07-08,-76,-21,858,"Sunny"
"926",2015-07-09,-77,-21,857,"Sunny"
"925",2015-07-10,-77,-21,858,"Sunny"
"924",2015-07-11,-77,-22,859,"Sunny"
"923",2015-07-12,-76,-20,859,"Sunny"
"922",2015-07-13,-77,-20,860,"Sunny"
"921",2015-07-14,-79,-20,860,"Sunny"
"920",2015-07-15,-80,-13,861,"Sunny"
"919",2015-07-16,-77,-12,862,"Sunny"
"918",2015-07-17,-77,-14,863,"Sunny"
"917",2015-07-18,-78,-15,864,"Sunny"
"916",2015-07-19,-75,-21,864,"Sunny"
"915",2015-07-20,-76,-22,863,"Sunny"
"914",2015-07-21,-76,-20,864,"Sunny"
"913",2015-07-23,-78,-12,865,"Sunny"
"912",2015-07-24,-79,-11,865,"Sunny"
"911",2015-07-25,-77,-11,867,"Sunny"
"910",2015-07-26,-77,-20,868,"Sunny"
"909",2015-07-27,-76,-21,868,"Sunny"
"908",2015-07-28,-78,-22,867,"Sunny"
"907",2015-07-29,-78,-22,868,"Sunny"
"906",2015-07-30,-78,-20,870,"Sunny"
"905",2015-07-31,-78,-16,870,"Sunny"
"904",2015-08-01,-77,-23,871,"Sunny"
"903",2015-08-02,-77,-24,871,"Sunny"
"902",2015-08-03,-79,-19,871,"Sunny"
"901",2015-08-04,-77,-22,871,"Sunny"
"900",2015-08-05,-78,-19,873,"Sunny"
"899",2015-08-06,-78,-14,875,"Sunny"
"898",2015-08-07,-79,-24,875,"Sunny"
"897",2015-08-08,-76,-23,874,"Sunny"
"896",2015-08-09,-77,-22,876,"Sunny"
"895",2015-08-10,-80,-14,877,"Sunny"
"894",2015-08-11,-78,-16,878,"Sunny"
"893",2015-08-12,-78,-15,879,"Sunny"
"892",2015-08-13,-82,-15,879,"Sunny"
"891",2015-08-14,-77,-14,878,"Sunny"
"890",2015-08-15,-77,-13,879,"Sunny"
"889",2015-08-16,-81,-14,880,"Sunny"
"888",2015-08-17,-79,-16,880,"Sunny"
"887",2015-08-18,-80,-18,881,"Sunny"
"886",2015-08-19,-80,-21,882,"Sunny"
"885",2015-08-20,-77,-17,882,"Sunny"
"884",2015-08-21,-77,-18,882,"Sunny"
"883",2015-08-22,-79,-17,882,"Sunny"
"882",2015-08-23,-80,-20,883,"Sunny"
"881",2015-08-24,-78,-22,885,"Sunny"
"880",2015-08-25,-79,-23,886,"Sunny"
"879",2015-08-26,-77,-25,885,"Sunny"
"878",2015-08-27,-78,-19,885,"Sunny"
"877",2015-08-29,-77,-19,885,"Sunny"
"876",2015-08-30,-76,-19,885,"Sunny"
"875",2015-08-31,-78,-20,886,"Sunny"
"874",2015-09-01,-77,-21,886,"Sunny"
"873",2015-09-02,-79,-23,886,"Sunny"
"872",2015-09-03,-77,-21,887,"Sunny"
"871",2015-09-04,-80,-20,888,"Sunny"
"870",2015-09-05,-79,-24,888,"Sunny"
"869",2015-09-06,-79,-24,888,"Sunny"
"868",2015-09-07,-78,-27,889,"Sunny"
"867",2015-09-08,-77,-26,890,"Sunny"
"866",2015-09-09,-78,-24,891,"Sunny"
"865",2015-09-10,-79,-22,890,"Sunny"
"864",2015-09-11,-80,-23,891,"Sunny"
"863",2015-09-12,-84,-25,892,"Sunny"
"862",2015-09-13,-81,-26,893,"Sunny"
"861",2015-09-14,-79,-25,893,"Sunny"
"860",2015-09-15,-78,-25,892,"Sunny"
"859",2015-09-16,-82,-22,893,"Sunny"
"858",2015-09-17,-79,-24,893,"Sunny"
"857",2015-09-18,-78,-25,895,"Sunny"
"856",2015-09-19,-82,-26,895,"Sunny"
"855",2015-09-20,-81,-25,895,"Sunny"
"854",2015-09-21,-79,-26,896,"Sunny"
"853",2015-09-22,-80,-24,895,"Sunny"
"852",2015-09-23,-79,-24,895,"Sunny"
"851",2015-09-24,-79,-25,896,"Sunny"
"850",2015-09-25,-80,-21,897,"Sunny"
"849",2015-09-26,-79,-26,898,"Sunny"
"848",2015-09-27,-79,-25,898,"Sunny"
"847",2015-09-28,-80,-25,898,"Sunny"
"846",2015-09-29,-81,-22,899,"Sunny"
"845",2015-09-30,-80,-24,900,"Sunny"
"844",2015-10-01,-81,-25,901,"Sunny"
"843",2015-10-02,-79,-26,901,"Sunny"
"842",2015-10-03,-79,-27,900,"Sunny"
"841",2015-10-04,-80,-26,900,"Sunny"
"840",2015-10-06,-79,-22,900,"Sunny"
"839",2015-10-07,-79,-21,901,"Sunny"
"838",2015-10-08,-80,-27,901,"Sunny"
"837",2015-10-09,-79,-27,902,"Sunny"
"836",2015-10-10,-80,-23,902,"Sunny"
"835",2015-10-11,-81,-25,902,"Sunny"
"834",2015-10-12,-81,-28,902,"Sunny"
"833",2015-10-13,-82,-27,902,"Sunny"
"832",2015-10-14,-82,-26,902,"Sunny"
"831",2015-10-15,-80,-27,902,"Sunny"
"830",2015-10-16,-81,-27,901,"Sunny"
"829",2015-10-17,-82,-23,901,"Sunny"
"828",2015-10-18,-81,-26,901,"Sunny"
"827",2015-10-19,-82,-29,901,"Sunny"
"826",2015-10-20,-80,-25,901,"Sunny"
"825",2015-10-21,-81,-26,901,"Sunny"
"824",2015-10-22,-82,-28,902,"Sunny"
"823",2015-10-23,-82,-23,902,"Sunny"
"822",2015-10-24,-82,-29,901,"Sunny"
"821",2015-10-25,-82,-28,902,"Sunny"
"820",2015-10-26,-82,-29,903,"Sunny"
"819",2015-10-27,-82,-28,902,"Sunny"
"818",2015-10-28,-80,-29,901,"Sunny"
"817",2015-10-29,-80,-28,901,"Sunny"
"816",2015-10-30,-81,-23,902,"Sunny"
"815",2015-10-31,-82,-29,902,"Sunny"
"814",2015-11-01,-82,-31,901,"Sunny"
"813",2015-11-02,-80,-30,901,"Sunny"
"812",2015-11-03,-82,-31,900,"Sunny"
"811",2015-11-04,-84,-29,900,"Sunny"
"810",2015-11-05,-84,-26,900,"Sunny"
"809",2015-11-06,-84,-30,900,"Sunny"
"808",2015-11-07,-82,-32,900,"Sunny"
"807",2015-11-08,-82,-28,898,"Sunny"
"806",2015-11-09,-82,-28,898,"Sunny"
"805",2015-11-10,-80,-28,899,"Sunny"
"804",2015-11-12,-83,-26,898,"Sunny"
"803",2015-11-13,-84,-27,897,"Sunny"
"802",2015-11-14,-86,-29,896,"Sunny"
"801",2015-11-15,-86,-35,896,"Sunny"
"800",2015-11-16,-84,-35,897,"Sunny"
"799",2015-11-17,-84,-31,895,"Sunny"
"798",2015-11-18,-84,-25,894,"Sunny"
"797",2015-11-19,-84,-29,894,"Sunny"
"796",2015-11-20,-89,-32,894,"Sunny"
"795",2015-11-21,-85,-31,893,"Sunny"
"794",2015-11-22,-87,-29,892,"Sunny"
"793",2015-11-23,-87,-26,892,"Sunny"
"792",2015-11-24,-87,-31,892,"Sunny"
"791",2015-11-25,-85,-25,891,"Sunny"
"790",2015-11-26,-85,-23,890,"Sunny"
"789",2015-11-27,-84,-31,890,"Sunny"
"788",2015-11-28,-84,-27,888,"Sunny"
"787",2015-11-29,-86,-26,888,"Sunny"
"786",2015-11-30,-85,-25,887,"Sunny"
"785",2015-12-01,-86,-27,886,"Sunny"
"784",2015-12-02,-86,-24,885,"Sunny"
"783",2015-12-03,-85,-29,884,"Sunny"
"782",2015-12-04,-86,-26,883,"Sunny"
"781",2015-12-05,-85,-28,882,"Sunny"
"780",2015-12-06,-84,-24,881,"Sunny"
"779",2015-12-07,-86,-28,881,"Sunny"
"778",2015-12-08,-84,-29,881,"Sunny"
"777",2015-12-09,-90,-31,881,"Sunny"
"776",2015-12-10,-87,-24,879,"Sunny"
"775",2015-12-11,-87,-29,877,"Sunny"
"774",2015-12-12,-87,-28,876,"Sunny"
"773",2015-12-13,-86,-24,876,"Sunny"
"772",2015-12-14,-84,-28,875,"Sunny"
"771",2015-12-15,-84,-29,873,"Sunny"
"770",2015-12-16,-86,-32,872,"Sunny"
"769",2015-12-17,-86,-27,871,"Sunny"
"768",2015-12-18,-85,-26,869,"Sunny"
"767",2015-12-20,-86,-23,868,"Sunny"
"766",2015-12-21,-86,-29,868,"Sunny"
"765",2015-12-22,-84,-27,866,"Sunny"
"764",2015-12-23,-85,-29,866,"Sunny"
"763",2015-12-24,-85,-22,864,"Sunny"
"762",2015-12-25,-85,-23,863,"Sunny"
"761",2015-12-26,-84,-25,862,"Sunny"
"760",2015-12-27,-86,-26,861,"Sunny"
"759",2015-12-28,-85,-24,859,"Sunny"
"758",2015-12-29,-85,-25,858,"Sunny"
"757",2015-12-30,-85,-24,857,"Sunny"
"756",2015-12-31,-85,-24,855,"Sunny"
"755",2016-01-01,-85,-23,854,"Sunny"
"754",2016-01-02,-83,-22,853,"Sunny"
"753",2016-01-03,-86,-28,851,"Sunny"
"752",2016-01-04,-84,-27,851,"Sunny"
"751",2016-01-05,-85,-24,849,"Sunny"
"750",2016-01-06,-85,-27,848,"Sunny"
"749",2016-01-07,-86,-28,847,"Sunny"
"748",2016-01-08,-88,-27,846,"Sunny"
"747",2016-01-09,-86,-32,845,"Sunny"
"746",2016-01-10,-87,-27,844,"Sunny"
"745",2016-01-11,-87,-28,842,"Sunny"
"744",2016-01-12,-87,-28,841,"Sunny"
"743",2016-01-13,-87,-28,840,"Sunny"
"742",2016-01-14,-88,-26,839,"Sunny"
"741",2016-01-15,-88,-29,837,"Sunny"
"740",2016-01-16,-87,-28,836,"Sunny"
"739",2016-01-17,-87,-24,835,"Sunny"
"738",2016-01-18,-88,-26,833,"Sunny"
"737",2016-01-19,-88,-28,832,"Sunny"
"736",2016-01-20,-88,-26,831,"Sunny"
"735",2016-01-21,-88,-26,830,"Sunny"
"734",2016-01-22,-88,-26,828,"Sunny"
"733",2016-01-23,-88,-28,827,"Sunny"
"732",2016-01-24,-88,-27,826,"Sunny"
"731",2016-01-26,-88,-26,824,"Sunny"
"730",2016-01-27,-88,-28,824,"Sunny"
"729",2016-01-28,-87,-26,822,"Sunny"
"728",2016-01-29,-88,-29,820,"Sunny"
"727",2016-01-30,-87,-26,819,"Sunny"
"726",2016-01-31,-89,-26,818,"Sunny"
"725",2016-02-01,-87,-24,816,"Sunny"
"724",2016-02-02,-87,-28,816,"Sunny"
"723",2016-02-03,-87,-26,815,"Sunny"
"722",2016-02-04,-86,-26,814,"Sunny"
"721",2016-02-05,-85,-26,812,"Sunny"
"720",2016-02-06,-86,-26,811,"Sunny"
"719",2016-02-07,-85,-25,810,"Sunny"
"718",2016-02-08,-85,-25,809,"Sunny"
"717",2016-02-09,-86,-23,807,"Sunny"
"716",2016-02-10,-85,-32,806,"Sunny"
"715",2016-02-11,-85,-28,804,"Sunny"
"714",2016-02-12,-85,-27,803,"Sunny"
"713",2016-02-13,-85,-31,802,"Sunny"
"712",2016-02-14,-85,-26,800,"Sunny"
"711",2016-02-15,-84,-29,799,"Sunny"
"710",2016-02-16,-84,-25,798,"Sunny"
"709",2016-02-17,-84,-27,797,"Sunny"
"708",2016-02-18,-84,-21,794,"Sunny"
"707",2016-02-19,-83,-23,794,"Sunny"
"706",2016-02-20,-84,-25,794,"Sunny"
"705",2016-02-21,-83,-23,792,"Sunny"
"704",2016-02-22,-81,-25,790,"Sunny"
"703",2016-02-23,-81,-29,790,"Sunny"
"702",2016-02-24,-84,-29,788,"Sunny"
"701",2016-02-25,-84,-27,787,"Sunny"
"700",2016-02-26,-81,-28,787,"Sunny"
"699",2016-02-27,-82,-27,787,"Sunny"
"698",2016-02-28,-83,-24,786,"Sunny"
"697",2016-02-29,-83,-24,784,"Sunny"
"696",2016-03-01,-83,-17,782,"Sunny"
"695",2016-03-03,-82,-18,782,"Sunny"
"694",2016-03-04,-84,-22,781,"Sunny"
"693",2016-03-05,-81,-23,780,"Sunny"
"692",2016-03-06,-79,-19,778,"Sunny"
"691",2016-03-07,-82,-17,777,"Sunny"
"690",2016-03-08,-82,-17,775,"Sunny"
"689",2016-03-09,-83,-20,774,"Sunny"
"688",2016-03-10,-84,-28,774,"Sunny"
"687",2016-03-11,-83,-29,773,"Sunny"
"686",2016-03-12,-83,-29,772,"Sunny"
"685",2016-03-13,-84,-23,771,"Sunny"
"684",2016-03-14,-83,-22,769,"Sunny"
"683",2016-03-15,-81,-16,768,"Sunny"
"682",2016-03-16,-82,-20,767,"Sunny"
"681",2016-03-17,-80,-21,767,"Sunny"
"680",2016-03-18,-80,-13,766,"Sunny"
"679",2016-03-19,-80,-19,765,"Sunny"
"678",2016-03-20,-80,-18,764,"Sunny"
"677",2016-03-21,-80,-16,763,"Sunny"
"676",2016-03-24,-80,-21,760,"Sunny"
"675",2016-03-25,-81,-22,760,"Sunny"
"674",2016-03-26,-81,-21,758,"Sunny"
"673",2016-03-27,-79,-16,758,"Sunny"
"672",2016-03-28,-79,-20,757,"Sunny"
"671",2016-03-29,-79,-25,756,"Sunny"
"670",2016-03-30,-80,-24,755,"Sunny"
"669",2016-03-31,-79,-17,755,"Sunny"
"668",2016-04-01,-80,-19,753,"Sunny"
"667",2016-04-02,-79,-16,752,"Sunny"
"666",2016-04-03,-78,-20,752,"Sunny"
"665",2016-04-04,-80,-24,751,"Sunny"
"664",2016-04-05,-78,-26,751,"Sunny"
"663",2016-04-06,-80,-22,750,"Sunny"
"662",2016-04-07,-80,-21,749,"Sunny"
"661",2016-04-08,-79,-23,748,"Sunny"
"660",2016-04-10,-80,-27,748,"Sunny"
"659",2016-04-11,-81,-23,748,"Sunny"
"658",2016-04-12,-81,-19,747,"Sunny"
"657",2016-04-13,-76,-15,745,"Sunny"
"656",2016-04-14,-78,-11,745,"Sunny"
"655",2016-04-15,-77,-12,745,"Sunny"
"654",2016-04-16,-77,-14,745,"Sunny"
"653",2016-04-17,-78,-14,744,"Sunny"
"652",2016-04-18,-77,-14,744,"Sunny"
"651",2016-04-19,-80,-20,744,"Sunny"
"650",2016-04-20,-80,-15,743,"Sunny"
"649",2016-04-21,-80,-15,743,"Sunny"
"648",2016-04-22,-78,-8,742,"Sunny"
"647",2016-04-23,-77,-11,741,"Sunny"
"646",2016-04-24,-77,-15,740,"Sunny"
"645",2016-04-25,-78,-10,740,"Sunny"
"644",2016-04-26,-77,-11,738,"Sunny"
"643",2016-04-27,-78,-9,738,"Sunny"
"642",2016-04-28,-78,-14,738,"Sunny"
"641",2016-04-29,-77,-15,738,"Sunny"
"640",2016-04-30,-76,-11,736,"Sunny"
"639",2016-05-01,-77,-12,735,"Sunny"
"638",2016-05-02,-74,-15,735,"Sunny"
"637",2016-05-03,-78,-14,734,"Sunny"
"636",2016-05-04,-76,-19,734,"Sunny"
"635",2016-05-05,-78,-11,734,"Sunny"
"634",2016-05-06,-76,-18,733,"Sunny"
"633",2016-05-07,-77,-12,732,"Sunny"
"632",2016-05-08,-77,-10,732,"Sunny"
"631",2016-05-09,-75,-12,732,"Sunny"
"630",2016-05-10,-76,-13,734,"Sunny"
"629",2016-05-11,-75,-18,734,"Sunny"
"628",2016-05-12,-77,-18,733,"Sunny"
"627",2016-05-13,-76,-15,734,"Sunny"
"626",2016-05-14,-76,-9,735,"Sunny"
"625",2016-05-15,-80,-7,735,"Sunny"
"624",2016-05-17,-74,-8,735,"Sunny"
"623",2016-05-18,-75,-14,734,"Sunny"
"622",2016-05-19,-75,-19,735,"Sunny"
"621",2016-05-20,-75,-16,737,"Sunny"
"620",2016-05-21,-75,-16,736,"Sunny"
"619",2016-05-22,-76,-15,735,"Sunny"
"618",2016-05-23,-73,-9,737,"Sunny"
"617",2016-05-24,-73,-9,738,"Sunny"
"616",2016-05-25,-72,-12,739,"Sunny"
"615",2016-05-26,-73,-6,736,"Sunny"
"614",2016-05-27,-76,-6,737,"Sunny"
"613",2016-05-28,-75,-5,739,"Sunny"
"612",2016-05-29,-75,-11,740,"Sunny"
"611",2016-05-30,-74,-5,739,"Sunny"
"610",2016-05-31,-72,-16,738,"Sunny"
"609",2016-06-01,-74,-16,738,"Sunny"
"608",2016-06-02,-76,-13,739,"Sunny"
"607",2016-06-03,-76,-16,739,"Sunny"
"606",2016-06-04,-75,-16,739,"Sunny"
"605",2016-06-05,-74,-17,739,"Sunny"
"604",2016-06-06,-75,-14,740,"Sunny"
"603",2016-06-07,-74,-16,740,"Sunny"
"602",2016-06-08,-74,-15,739,"Sunny"
"601",2016-06-09,-75,-15,740,"Sunny"
"600",2016-06-10,-74,-14,743,"Sunny"
"599",2016-06-11,-74,-16,743,"Sunny"
"598",2016-06-12,-73,1,742,"Sunny"
"597",2016-06-13,-74,-1,744,"Sunny"
"596",2016-06-14,-75,-2,746,"Sunny"
"595",2016-06-15,-74,-4,745,"Sunny"
"594",2016-06-16,-74,-3,746,"Sunny"
"593",2016-06-17,-75,-5,748,"Sunny"
"592",2016-06-18,-73,-2,749,"Sunny"
"591",2016-06-19,-75,0,749,"Sunny"
"590",2016-06-20,-76,1,749,"Sunny"
"589",2016-06-21,-76,1,751,"Sunny"
"588",2016-06-23,-77,-7,751,"Sunny"
"587",2016-06-24,-74,-7,751,"Sunny"
"586",2016-06-25,-73,-8,751,"Sunny"
"585",2016-06-26,-76,-4,752,"Sunny"
"584",2016-06-27,-73,3,752,"Sunny"
"583",2016-06-28,-74,2,753,"Sunny"
"582",2016-06-29,-75,-3,755,"Sunny"
"581",2016-06-30,-74,-1,755,"Sunny"
"580",2016-07-01,-74,2,755,"Sunny"
"579",2016-07-02,-73,4,756,"Sunny"
"578",2016-07-12,-66,3,751,"Sunny"
"577",2016-07-13,-73,1,770,"Sunny"
"576",2016-07-14,-73,3,770,"Sunny"
"575",2016-07-15,-73,-4,770,"Sunny"
"574",2016-07-16,-75,-11,771,"Sunny"
"573",2016-07-17,-75,-9,771,"Sunny"
"572",2016-07-18,-75,-10,774,"Sunny"
"571",2016-07-19,-75,-2,775,"Sunny"
"570",2016-07-20,-76,-9,775,"Sunny"
"569",2016-07-21,-74,-9,779,"Sunny"
"568",2016-07-22,-75,-10,779,"Sunny"
"567",2016-07-23,-74,-9,781,"Sunny"
"566",2016-07-24,-72,7,782,"Sunny"
"565",2016-07-25,-72,6,782,"Sunny"
"564",2016-07-26,-78,4,784,"Sunny"
